"problem","method","seconds","objective_gap","gradient_norm","constraint_residual","matched_accuracy","iterations","fn_evaluations","gradient_evaluations","termination"
"sphere","steepest_descent",0.353,3.5527136788005e-15,2.20014710624439e-07,0,TRUE,36,148,37,"converged_gradient"
"sphere","conjugate_gradient",0.524,3.5527136788005e-15,2.18074274362606e-07,2.22044604925031e-16,TRUE,38,154,39,"converged_gradient"
"sphere","lbfgs",0.0940000000000003,1.77635683940025e-15,6.36009135672424e-13,0,TRUE,6,15,7,"converged_gradient"
"procrustes","steepest_descent",1.31,1.07469588783715e-13,9.02965156841741e-07,1.14038513445919e-15,TRUE,114,340,115,"converged_gradient"
"procrustes","conjugate_gradient",1.861,1.23456800338317e-13,9.66265815974848e-07,5.32089612962592e-16,TRUE,112,335,113,"converged_gradient"
"procrustes","lbfgs",0.477,2.66453525910038e-15,5.47476875133247e-08,9.22216612406001e-16,TRUE,14,29,15,"converged_gradient"
"spd_log_coordinates","steepest_descent",0.0409999999999995,1.15555796663234e-33,4.80740671595891e-17,0,TRUE,1,3,2,"converged_gradient"
"spd_log_coordinates","conjugate_gradient",0.043000000000001,1.15555796663234e-33,4.80740671595891e-17,0,TRUE,1,3,2,"converged_gradient"
"spd_log_coordinates","lbfgs",0.0449999999999999,1.15555796663234e-33,4.80740671595891e-17,0,TRUE,1,3,2,"converged_gradient"
