case,implementation,version,algorithm,seconds,objective,gradient_norm,feasibility,optimum,fn,gradient,termination,device,dtype,transfer_seconds,seed,peak_rss_bytes,baseline_rss_bytes,peak_run_rss_bytes,memory_method,memory_status
eigen,riemtorch,0.6.0,lbfgs,0.64,-5.71067241729412,3.39700239098832e-07,0,-5.71067241729413,26,13,converged_gradient,cpu,float64,0,1,367706112,351780864,367706112,"process RSS sampled every 20 ms; includes interpreter/runtime, may miss brief peaks",sampled
eigen,Pymanopt,2.2.1,Riemannian CG PR+ (default retraction),0.0010277919999999163,-5.710672417294079,7.859144651091598e-07,0.0,-5.710672417294131,41,16,"Terminated - min grad norm reached after 16 iterations, 0.00 seconds.",cpu,float64,0,1,57573376,57573376,57573376,"process RSS sampled every 20 ms; includes interpreter/runtime, may miss brief peaks",sampled
procrustes,riemtorch,0.6.0,lbfgs,0.425,0.379110466951161,2.42015098638004e-08,7.11367755351206e-16,0.379110466951161,20,10,converged_gradient,cpu,float64,0,1,368590848,353533952,368590848,"process RSS sampled every 20 ms; includes interpreter/runtime, may miss brief peaks",sampled
procrustes,Pymanopt,2.2.1,Riemannian CG PR+ (default retraction),0.0008504589999999979,0.3791104669511779,2.3180230040372354e-07,4.0036374687229374e-16,0.3791104669511605,28,12,"Terminated - min grad norm reached after 12 iterations, 0.00 seconds.",cpu,float64,0,1,57491456,57491456,57491456,"process RSS sampled every 20 ms; includes interpreter/runtime, may miss brief peaks",sampled
completion,riemtorch,0.6.0,lbfgs,0.47,2.07865086733064e-13,6.08125550009003e-07,0,0,23,12,converged_gradient,cpu,float64,0,1,365281280,350142464,365281280,"process RSS sampled every 20 ms; includes interpreter/runtime, may miss brief peaks",sampled
completion,Pymanopt,2.2.1,Riemannian CG PR+ (default retraction),0.0061446669999999926,8.639656691221293e-13,7.240021674725352e-07,0.0,0,43,18,"Terminated - min grad norm reached after 18 iterations, 0.01 seconds.",cpu,float64,0,1,57556992,57556992,57556992,"process RSS sampled every 20 ms; includes interpreter/runtime, may miss brief peaks",sampled
spd,riemtorch,0.6.0,lbfgs,0.275,1.31059532715551e-31,5.11505213018407e-16,7.07631108375459e-17,0,3,2,converged_gradient,cpu,float64,0,1,368148480,353779712,368148480,"process RSS sampled every 20 ms; includes interpreter/runtime, may miss brief peaks",sampled
spd,SciPy,1.13.1,BFGS in log-Euclidean coordinates,0.0007463749999999936,0.0,0.0,0.0,0,2,2,Optimization terminated successfully.,cpu,float64,0,1,57491456,57491456,57491456,"process RSS sampled every 20 ms; includes interpreter/runtime, may miss brief peaks",sampled
robust,riemtorch,0.6.0,levenberg_marquardt,0.318,1.79445226877112,9.20236212980532e-08,0,NA,9,5,converged_gradient,cpu,float64,0,1,368230400,352534528,368230400,"process RSS sampled every 20 ms; includes interpreter/runtime, may miss brief peaks",sampled
robust,SciPy,1.13.1,trust-region reflective robust least squares,0.004561999999999983,1.794452268771122,3.973993651728112e-16,0.0,nan,5,4,`gtol` termination condition is satisfied.,cpu,float64,0,1,57966592,57966592,57966592,"process RSS sampled every 20 ms; includes interpreter/runtime, may miss brief peaks",sampled
hyperbolic,riemtorch,0.6.0,lbfgs,0.416,4.88498130835069e-15,1.01116031534997e-07,0,0,7,4,converged_gradient,cpu,float64,0,1,353173504,336609280,353173504,"process RSS sampled every 20 ms; includes interpreter/runtime, may miss brief peaks",sampled
hyperbolic,SciPy,1.13.1,BFGS in global Poincare coordinates; independent distance formula,0.004387291999999987,1.2678746941219225e-13,5.032649584385549e-07,0.0,0,110,0,Optimization terminated successfully.,cpu,float64,0,1,57475072,57475072,57475072,"process RSS sampled every 20 ms; includes interpreter/runtime, may miss brief peaks",sampled
phase,riemtorch,0.6.0,lbfgs,0.521,-12.5,3.75029153523899e-08,0,-12.5,20,10,converged_gradient,cpu,complex128,0,1,355631104,353828864,355631104,"process RSS sampled every 20 ms; includes interpreter/runtime, may miss brief peaks",sampled
phase,Pymanopt,2.2.1,Riemannian CG PR+ (default retraction),0.0003887089999999871,-12.499999999999991,3.606778895184897e-07,0.0,-12.5,30,12,"Terminated - min grad norm reached after 12 iterations, 0.00 seconds.",cpu,complex128,0,1,57425920,57425920,57425920,"process RSS sampled every 20 ms; includes interpreter/runtime, may miss brief peaks",sampled
constrained,riemtorch,0.6.0,augmented_lagrangian,1.519,1.01999940877161,9.47049042197236e-08,1.66169330166266e-07,1.02,71,71,converged_kkt,cpu,float64,0,1,364822528,351174656,364822528,"process RSS sampled every 20 ms; includes interpreter/runtime, may miss brief peaks",sampled
constrained,SciPy,1.13.1,SLSQP with analytic derivatives,0.0008283749999999923,1.0200000000000014,0.0,1.3322676295501878e-15,1.02,2,2,Optimization terminated successfully,cpu,float64,0,1,57458688,57458688,57458688,"process RSS sampled every 20 ms; includes interpreter/runtime, may miss brief peaks",sampled
eigen,riemtorch,0.6.0,lbfgs,0.486,-13.8073825870067,2.35490726251154e-07,2.22044604925031e-16,-13.8073825870066,19,10,converged_gradient,cpu,float64,0,2,364756992,347062272,364756992,"process RSS sampled every 20 ms; includes interpreter/runtime, may miss brief peaks",sampled
eigen,Pymanopt,2.2.1,Riemannian CG PR+ (default retraction),0.0007320829999999945,-13.807382587006643,6.27041102656144e-07,0.0,-13.807382587006654,29,11,"Terminated - min grad norm reached after 11 iterations, 0.00 seconds.",cpu,float64,0,2,57475072,57475072,57475072,"process RSS sampled every 20 ms; includes interpreter/runtime, may miss brief peaks",sampled
procrustes,riemtorch,0.6.0,lbfgs,0.38,3.74912991821877,8.18715898663439e-07,2.86649984649748e-16,3.74912991821864,15,8,converged_gradient,cpu,float64,0,2,336625664,327155712,336625664,"process RSS sampled every 20 ms; includes interpreter/runtime, may miss brief peaks",sampled
procrustes,Pymanopt,2.2.1,Riemannian CG PR+ (default retraction),0.0014179589999999687,3.749129918218752,7.61525660700934e-07,8.930009827784312e-16,3.749129918218644,41,17,"Terminated - min grad norm reached after 17 iterations, 0.00 seconds.",cpu,float64,0,2,57376768,57376768,57376768,"process RSS sampled every 20 ms; includes interpreter/runtime, may miss brief peaks",sampled
completion,riemtorch,0.6.0,lbfgs,1.06,6.59458006418558e-13,8.82113755955289e-07,0,0,56,26,converged_gradient,cpu,float64,0,2,342310912,339460096,342310912,"process RSS sampled every 20 ms; includes interpreter/runtime, may miss brief peaks",sampled
completion,Pymanopt,2.2.1,Riemannian CG PR+ (default retraction),0.011548082999999987,1.4405811741423098e-12,7.140759338314788e-07,0.0,0,100,37,"Terminated - min grad norm reached after 37 iterations, 0.01 seconds.",cpu,float64,0,2,57638912,57638912,57638912,"process RSS sampled every 20 ms; includes interpreter/runtime, may miss brief peaks",sampled
spd,riemtorch,0.6.0,lbfgs,0.271,4.22934215787437e-31,9.18873053048876e-16,1.58231126132105e-16,0,3,2,converged_gradient,cpu,float64,0,2,350896128,334610432,350896128,"process RSS sampled every 20 ms; includes interpreter/runtime, may miss brief peaks",sampled
spd,SciPy,1.13.1,BFGS in log-Euclidean coordinates,0.0003298339999999733,1.925929944387236e-33,6.206335383118183e-17,0.0,0,3,3,Optimization terminated successfully.,cpu,float64,0,2,57393152,57393152,57393152,"process RSS sampled every 20 ms; includes interpreter/runtime, may miss brief peaks",sampled
robust,riemtorch,0.6.0,levenberg_marquardt,0.324,1.79010520010633,7.42366206582714e-08,0,NA,9,5,converged_gradient,cpu,float64,0,2,346423296,330317824,346423296,"process RSS sampled every 20 ms; includes interpreter/runtime, may miss brief peaks",sampled
robust,SciPy,1.13.1,trust-region reflective robust least squares,0.004471499999999962,1.7901052001063258,8.96917464302345e-16,0.0,nan,5,4,`gtol` termination condition is satisfied.,cpu,float64,0,2,57540608,57540608,57540608,"process RSS sampled every 20 ms; includes interpreter/runtime, may miss brief peaks",sampled
hyperbolic,riemtorch,0.6.0,lbfgs,0.412,1.6076029396572e-13,5.6747447856445e-07,0,0,7,4,converged_gradient,cpu,float64,0,2,370884608,356450304,370884608,"process RSS sampled every 20 ms; includes interpreter/runtime, may miss brief peaks",sampled
hyperbolic,SciPy,1.13.1,BFGS in global Poincare coordinates; independent distance formula,0.004339499999999996,4.3076653355455985e-14,2.9416276233284043e-07,0.0,0,121,0,Optimization terminated successfully.,cpu,float64,0,2,57475072,57475072,57475072,"process RSS sampled every 20 ms; includes interpreter/runtime, may miss brief peaks",sampled
phase,riemtorch,0.6.0,lbfgs,0.996,-12.5,4.34613767785247e-08,0,-12.5,35,17,converged_gradient,cpu,complex128,0,2,341065728,328974336,341065728,"process RSS sampled every 20 ms; includes interpreter/runtime, may miss brief peaks",sampled
phase,Pymanopt,2.2.1,Riemannian CG PR+ (default retraction),0.000689625000000027,-12.49999999999992,8.842497933924448e-07,0.0,-12.5,69,26,"Terminated - min grad norm reached after 26 iterations, 0.00 seconds.",cpu,complex128,0,2,57294848,,,"process RSS sampled every 20 ms; includes interpreter/runtime, may miss brief peaks",short_run_unobserved
constrained,riemtorch,0.6.0,augmented_lagrangian,1.51,1.01999940877161,9.47049042197236e-08,1.66169330166266e-07,1.02,71,71,converged_kkt,cpu,float64,0,2,362774528,350601216,362774528,"process RSS sampled every 20 ms; includes interpreter/runtime, may miss brief peaks",sampled
constrained,SciPy,1.13.1,SLSQP with analytic derivatives,0.0009171250000000186,1.0200000000000014,0.0,1.3322676295501878e-15,1.02,2,2,Optimization terminated successfully,cpu,float64,0,2,57262080,57262080,57262080,"process RSS sampled every 20 ms; includes interpreter/runtime, may miss brief peaks",sampled
eigen,riemtorch,0.6.0,lbfgs,0.893,-4.34345393960329,2.08772626046734e-07,2.22044604925031e-16,-4.34345393960329,33,17,converged_gradient,cpu,float64,0,3,376143872,358318080,376143872,"process RSS sampled every 20 ms; includes interpreter/runtime, may miss brief peaks",sampled
eigen,Pymanopt,2.2.1,Riemannian CG PR+ (default retraction),0.001221374999999969,-4.343453939603281,3.597180556401102e-07,0.0,-4.343453939603294,55,22,"Terminated - min grad norm reached after 22 iterations, 0.00 seconds.",cpu,float64,0,3,56328192,,,"process RSS sampled every 20 ms; includes interpreter/runtime, may miss brief peaks",short_run_unobserved
procrustes,riemtorch,0.6.0,lbfgs,0.462,3.20850172171858,3.88734188828774e-07,7.98693862245848e-17,3.20850172171855,20,10,converged_gradient,cpu,float64,0,3,353566720,338083840,353566720,"process RSS sampled every 20 ms; includes interpreter/runtime, may miss brief peaks",sampled
procrustes,Pymanopt,2.2.1,Riemannian CG PR+ (default retraction),0.0010103329999999744,3.208501721718568,2.3905054940238765e-07,6.824733671819388e-16,3.208501721718554,34,14,"Terminated - min grad norm reached after 14 iterations, 0.00 seconds.",cpu,float64,0,3,57409536,57409536,57409536,"process RSS sampled every 20 ms; includes interpreter/runtime, may miss brief peaks",sampled
completion,riemtorch,0.6.0,lbfgs,0.622,8.46051467916472e-16,4.09974521238644e-08,0,0,31,16,converged_gradient,cpu,float64,0,3,360710144,347062272,360710144,"process RSS sampled every 20 ms; includes interpreter/runtime, may miss brief peaks",sampled
completion,Pymanopt,2.2.1,Riemannian CG PR+ (default retraction),0.005270667000000007,2.526881846425859e-13,4.707639073158879e-07,0.0,0,43,18,"Terminated - min grad norm reached after 18 iterations, 0.01 seconds.",cpu,float64,0,3,57327616,57327616,57327616,"process RSS sampled every 20 ms; includes interpreter/runtime, may miss brief peaks",sampled
spd,riemtorch,0.6.0,lbfgs,0.268,6.72245847088365e-31,1.15815107381053e-15,1.57009245868378e-16,0,3,2,converged_gradient,cpu,float64,0,3,375062528,359612416,375062528,"process RSS sampled every 20 ms; includes interpreter/runtime, may miss brief peaks",sampled
spd,SciPy,1.13.1,BFGS in log-Euclidean coordinates,0.0005471249999999817,0.0,0.0,0.0,0,3,3,Optimization terminated successfully.,cpu,float64,0,3,57360384,57360384,57360384,"process RSS sampled every 20 ms; includes interpreter/runtime, may miss brief peaks",sampled
robust,riemtorch,0.6.0,levenberg_marquardt,0.314,1.8156488017823,8.12837203340486e-08,0,NA,9,5,converged_gradient,cpu,float64,0,3,355483648,341475328,355483648,"process RSS sampled every 20 ms; includes interpreter/runtime, may miss brief peaks",sampled
robust,SciPy,1.13.1,trust-region reflective robust least squares,0.004838958000000004,1.8156488017822987,8.064132208641563e-16,0.0,nan,4,4,`gtol` termination condition is satisfied.,cpu,float64,0,3,58015744,58015744,58015744,"process RSS sampled every 20 ms; includes interpreter/runtime, may miss brief peaks",sampled
hyperbolic,riemtorch,0.6.0,lbfgs,0.451,3.5349501104064e-13,8.41011617921139e-07,0,0,7,4,converged_gradient,cpu,float64,0,3,341671936,309493760,341671936,"process RSS sampled every 20 ms; includes interpreter/runtime, may miss brief peaks",sampled
hyperbolic,SciPy,1.13.1,BFGS in global Poincare coordinates; independent distance formula,0.004291582999999988,4.3387515802350204e-13,9.312098535460087e-07,0.0,0,110,0,Optimization terminated successfully.,cpu,float64,0,3,57212928,57212928,57212928,"process RSS sampled every 20 ms; includes interpreter/runtime, may miss brief peaks",sampled
phase,riemtorch,0.6.0,lbfgs,0.326,-12.5,2.42227390186153e-07,0,-12.5,11,5,converged_gradient,cpu,complex128,0,3,332185600,316506112,332185600,"process RSS sampled every 20 ms; includes interpreter/runtime, may miss brief peaks",sampled
phase,Pymanopt,2.2.1,Riemannian CG PR+ (default retraction),0.000510959000000033,-12.499999999999964,6.06902038735606e-07,0.0,-12.5,45,18,"Terminated - min grad norm reached after 18 iterations, 0.00 seconds.",cpu,complex128,0,3,57278464,57278464,57278464,"process RSS sampled every 20 ms; includes interpreter/runtime, may miss brief peaks",sampled
constrained,riemtorch,0.6.0,augmented_lagrangian,1.656,1.01999940877161,9.47049042197236e-08,1.66169330166266e-07,1.02,71,71,converged_kkt,cpu,float64,0,3,342097920,329187328,342097920,"process RSS sampled every 20 ms; includes interpreter/runtime, may miss brief peaks",sampled
constrained,SciPy,1.13.1,SLSQP with analytic derivatives,0.0009986250000000307,1.0200000000000014,0.0,1.3322676295501878e-15,1.02,2,2,Optimization terminated successfully,cpu,float64,0,3,57491456,57491456,57491456,"process RSS sampled every 20 ms; includes interpreter/runtime, may miss brief peaks",sampled
